object_index,object_name,sam3_short,sam3_dense,sam3_instruction,sam3_negative,florence_short,florence_detailed,florence_tag,llava_short,llava_detailed,llava_dense,qwen_short,qwen_detailed,qwen_dense,clip_short,clip_dense,open_vocab_1,open_vocab_2,coco,densecap,vg_region,nocaps,retrieval,vqa,minimal,minimal_attr,synthetic_structured,object_only,shape_material,color_focus,category_only,segmentation_hard,segmentation_soft
0,backpack,pink and black backpack,a backpack in pink and black color with shoulder straps and multiple compartments.,Segment only the pink backpack in the scene.,Ignore all other objects and background; segment only the pink backpack.,A backpack in pink and black color.,A backpack in pink and black color showing shoulder straps and multiple compartments as a distinct pink and black bag.,"pink backpack, bag",a backpack in pink and black color as the main bag.,"A backpack in pink and black color with clear shoulder straps and multiple compartments, standing out from the background.","A backpack in pink and black color, detailed bag object with shoulder straps and multiple compartments.",a backpack in pink and black color.,A backpack in pink and black color that can be recognized as a bag with shoulder straps and multiple compartments.,"A backpack in pink and black color acting as the primary bag in the image, characterized by shoulder straps and multiple compartments.",pink and black backpack,shoulder straps and multiple compartments bag pink backpack,A distinctive bag: pink backpack.,"Unique bag instance, namely a backpack in pink and black color.",A backpack in pink and black color is visible in the scene.,A backpack in pink and black color with shoulder straps and multiple compartments is located prominently.,A backpack in pink and black color serving as a bag region.,A backpack in pink and black color appears as the key bag.,"pink and black backpack, a bag with shoulder straps and multiple compartments.",The object is a backpack in pink and black color.,pink backpack,bag pink backpack,object=backpack; type=bag; color=pink and black; detail=shoulder straps and multiple compartments,a backpack in pink and black color.,A backpack in pink and black color with shape and structure described as: shoulder straps and multiple compartments.,A backpack in pink and black color whose appearance is dominated by pink and black tones.,pink and black bag,Strictly select the pink backpack mask and exclude every other object and background pixel.,Focus the segmentation on the pink backpack region as the main bag.
1,backpack_dog,gray and brown dog wearing a backpack,a dog wearing a backpack in gray and brown color with a backpack strapped onto the dog's back.,Segment only the gray dog wearing a backpack in the scene.,Ignore all other objects and background; segment only the gray dog wearing a backpack.,A dog wearing a backpack in gray and brown color.,A dog wearing a backpack in gray and brown color showing a backpack strapped onto the dog's back as a distinct gray and brown animal with gear.,"gray dog wearing a backpack, animal with gear",a dog wearing a backpack in gray and brown color as the main animal with gear.,"A dog wearing a backpack in gray and brown color with clear a backpack strapped onto the dog's back, standing out from the background.","A dog wearing a backpack in gray and brown color, detailed animal with gear object with a backpack strapped onto the dog's back.",a dog wearing a backpack in gray and brown color.,A dog wearing a backpack in gray and brown color that can be recognized as a animal with gear with a backpack strapped onto the dog's back.,"A dog wearing a backpack in gray and brown color acting as the primary animal with gear in the image, characterized by a backpack strapped onto the dog's back.",gray and brown dog wearing a backpack,a backpack strapped onto the dog's back animal with gear gray dog wearing a backpack,A distinctive animal with gear: gray dog wearing a backpack.,"Unique animal with gear instance, namely a dog wearing a backpack in gray and brown color.",A dog wearing a backpack in gray and brown color is visible in the scene.,A dog wearing a backpack in gray and brown color with a backpack strapped onto the dog's back is located prominently.,A dog wearing a backpack in gray and brown color serving as a animal with gear region.,A dog wearing a backpack in gray and brown color appears as the key animal with gear.,"gray and brown dog wearing a backpack, a animal with gear with a backpack strapped onto the dog's back.",The object is a dog wearing a backpack in gray and brown color.,gray dog wearing a backpack,animal with gear gray dog wearing a backpack,object=dog wearing a backpack; type=animal with gear; color=gray and brown; detail=a backpack strapped onto the dog's back,a dog wearing a backpack in gray and brown color.,A dog wearing a backpack in gray and brown color with shape and structure described as: a backpack strapped onto the dog's back.,A dog wearing a backpack in gray and brown color whose appearance is dominated by gray and brown tones.,gray and brown animal with gear,Strictly select the gray dog wearing a backpack mask and exclude every other object and background pixel.,Focus the segmentation on the gray dog wearing a backpack region as the main animal with gear.
2,barn,brown and black barn building,a barn building in brown and black color with rectangular walls and a pitched roof.,Segment only the brown barn building in the scene.,Ignore all other objects and background; segment only the brown barn building.,A barn building in brown and black color.,A barn building in brown and black color showing rectangular walls and a pitched roof as a distinct brown and black building.,"brown barn building, building",a barn building in brown and black color as the main building.,"A barn building in brown and black color with clear rectangular walls and a pitched roof, standing out from the background.","A barn building in brown and black color, detailed building object with rectangular walls and a pitched roof.",a barn building in brown and black color.,A barn building in brown and black color that can be recognized as a building with rectangular walls and a pitched roof.,"A barn building in brown and black color acting as the primary building in the image, characterized by rectangular walls and a pitched roof.",brown and black barn building,rectangular walls and a pitched roof building brown barn building,A distinctive building: brown barn building.,"Unique building instance, namely a barn building in brown and black color.",A barn building in brown and black color is visible in the scene.,A barn building in brown and black color with rectangular walls and a pitched roof is located prominently.,A barn building in brown and black color serving as a building region.,A barn building in brown and black color appears as the key building.,"brown and black barn building, a building with rectangular walls and a pitched roof.",The object is a barn building in brown and black color.,brown barn building,building brown barn building,object=barn building; type=building; color=brown and black; detail=rectangular walls and a pitched roof,a barn building in brown and black color.,A barn building in brown and black color with shape and structure described as: rectangular walls and a pitched roof.,A barn building in brown and black color whose appearance is dominated by brown and black tones.,brown and black building,Strictly select the brown barn building mask and exclude every other object and background pixel.,Focus the segmentation on the brown barn building region as the main building.
3,bear_plushie,brown and red bear plush toy,"a bear plush toy in brown and red color with soft fabric body, round ears and stitched facial features.",Segment only the brown bear plush toy in the scene.,Ignore all other objects and background; segment only the brown bear plush toy.,A bear plush toy in brown and red color.,"A bear plush toy in brown and red color showing soft fabric body, round ears and stitched facial features as a distinct brown and red plush toy.","brown bear plush toy, plush toy",a bear plush toy in brown and red color as the main plush toy.,"A bear plush toy in brown and red color with clear soft fabric body, round ears and stitched facial features, standing out from the background.","A bear plush toy in brown and red color, detailed plush toy object with soft fabric body, round ears and stitched facial features.",a bear plush toy in brown and red color.,"A bear plush toy in brown and red color that can be recognized as a plush toy with soft fabric body, round ears and stitched facial features.","A bear plush toy in brown and red color acting as the primary plush toy in the image, characterized by soft fabric body, round ears and stitched facial features.",brown and red bear plush toy,"soft fabric body, round ears and stitched facial features plush toy brown bear plush toy",A distinctive plush toy: brown bear plush toy.,"Unique plush toy instance, namely a bear plush toy in brown and red color.",A bear plush toy in brown and red color is visible in the scene.,"A bear plush toy in brown and red color with soft fabric body, round ears and stitched facial features is located prominently.",A bear plush toy in brown and red color serving as a plush toy region.,A bear plush toy in brown and red color appears as the key plush toy.,"brown and red bear plush toy, a plush toy with soft fabric body, round ears and stitched facial features.",The object is a bear plush toy in brown and red color.,brown bear plush toy,plush toy brown bear plush toy,"object=bear plush toy; type=plush toy; color=brown and red; detail=soft fabric body, round ears and stitched facial features",a bear plush toy in brown and red color.,"A bear plush toy in brown and red color with shape and structure described as: soft fabric body, round ears and stitched facial features.",A bear plush toy in brown and red color whose appearance is dominated by brown and red tones.,brown and red plush toy,Strictly select the brown bear plush toy mask and exclude every other object and background pixel.,Focus the segmentation on the brown bear plush toy region as the main plush toy.
4,berry_bowl,white bowl of berries,a bowl of berries in white color with a small bowl filled with clustered berries.,Segment only the white bowl of berries in the scene.,Ignore all other objects and background; segment only the white bowl of berries.,A bowl of berries in white color.,A bowl of berries in white color showing a small bowl filled with clustered berries as a distinct white food container.,"white bowl of berries, food container",a bowl of berries in white color as the main food container.,"A bowl of berries in white color with clear a small bowl filled with clustered berries, standing out from the background.","A bowl of berries in white color, detailed food container object with a small bowl filled with clustered berries.",a bowl of berries in white color.,A bowl of berries in white color that can be recognized as a food container with a small bowl filled with clustered berries.,"A bowl of berries in white color acting as the primary food container in the image, characterized by a small bowl filled with clustered berries.",white bowl of berries,a small bowl filled with clustered berries food container white bowl of berries,A distinctive food container: white bowl of berries.,"Unique food container instance, namely a bowl of berries in white color.",A bowl of berries in white color is visible in the scene.,A bowl of berries in white color with a small bowl filled with clustered berries is located prominently.,A bowl of berries in white color serving as a food container region.,A bowl of berries in white color appears as the key food container.,"white bowl of berries, a food container with a small bowl filled with clustered berries.",The object is a bowl of berries in white color.,white bowl of berries,food container white bowl of berries,object=bowl of berries; type=food container; color=white; detail=a small bowl filled with clustered berries,a bowl of berries in white color.,A bowl of berries in white color with shape and structure described as: a small bowl filled with clustered berries.,A bowl of berries in white color whose appearance is dominated by white tones.,white food container,Strictly select the white bowl of berries mask and exclude every other object and background pixel.,Focus the segmentation on the white bowl of berries region as the main food container.
5,can,blue and cyan drink can,a drink can in blue and cyan color with cylindrical metal body with a top rim.,Segment only the blue drink can in the scene.,Ignore all other objects and background; segment only the blue drink can.,A drink can in blue and cyan color.,A drink can in blue and cyan color showing cylindrical metal body with a top rim as a distinct blue and cyan container.,"blue drink can, container",a drink can in blue and cyan color as the main container.,"A drink can in blue and cyan color with clear cylindrical metal body with a top rim, standing out from the background.","A drink can in blue and cyan color, detailed container object with cylindrical metal body with a top rim.",a drink can in blue and cyan color.,A drink can in blue and cyan color that can be recognized as a container with cylindrical metal body with a top rim.,"A drink can in blue and cyan color acting as the primary container in the image, characterized by cylindrical metal body with a top rim.",blue and cyan drink can,cylindrical metal body with a top rim container blue drink can,A distinctive container: blue drink can.,"Unique container instance, namely a drink can in blue and cyan color.",A drink can in blue and cyan color is visible in the scene.,A drink can in blue and cyan color with cylindrical metal body with a top rim is located prominently.,A drink can in blue and cyan color serving as a container region.,A drink can in blue and cyan color appears as the key container.,"blue and cyan drink can, a container with cylindrical metal body with a top rim.",The object is a drink can in blue and cyan color.,blue drink can,container blue drink can,object=drink can; type=container; color=blue and cyan; detail=cylindrical metal body with a top rim,a drink can in blue and cyan color.,A drink can in blue and cyan color with shape and structure described as: cylindrical metal body with a top rim.,A drink can in blue and cyan color whose appearance is dominated by blue and cyan tones.,blue and cyan container,Strictly select the blue drink can mask and exclude every other object and background pixel.,Focus the segmentation on the blue drink can region as the main container.
6,candle,orange and brown candle,a candle in orange and brown color with a vertical wax body with a wick at the top.,Segment only the orange candle in the scene.,Ignore all other objects and background; segment only the orange candle.,A candle in orange and brown color.,A candle in orange and brown color showing a vertical wax body with a wick at the top as a distinct orange and brown household object.,"orange candle, household object",a candle in orange and brown color as the main household object.,"A candle in orange and brown color with clear a vertical wax body with a wick at the top, standing out from the background.","A candle in orange and brown color, detailed household object object with a vertical wax body with a wick at the top.",a candle in orange and brown color.,A candle in orange and brown color that can be recognized as a household object with a vertical wax body with a wick at the top.,"A candle in orange and brown color acting as the primary household object in the image, characterized by a vertical wax body with a wick at the top.",orange and brown candle,a vertical wax body with a wick at the top household object orange candle,A distinctive household object: orange candle.,"Unique household object instance, namely a candle in orange and brown color.",A candle in orange and brown color is visible in the scene.,A candle in orange and brown color with a vertical wax body with a wick at the top is located prominently.,A candle in orange and brown color serving as a household object region.,A candle in orange and brown color appears as the key household object.,"orange and brown candle, a household object with a vertical wax body with a wick at the top.",The object is a candle in orange and brown color.,orange candle,household object orange candle,object=candle; type=household object; color=orange and brown; detail=a vertical wax body with a wick at the top,a candle in orange and brown color.,A candle in orange and brown color with shape and structure described as: a vertical wax body with a wick at the top.,A candle in orange and brown color whose appearance is dominated by orange and brown tones.,orange and brown household object,Strictly select the orange candle mask and exclude every other object and background pixel.,Focus the segmentation on the orange candle region as the main household object.
7,cat,brown and black cat,"a cat in brown and black color with fur, pointed ears and a visible face.",Segment only the brown cat in the scene.,Ignore all other objects and background; segment only the brown cat.,A cat in brown and black color.,"A cat in brown and black color showing fur, pointed ears and a visible face as a distinct brown and black animal.","brown cat, animal",a cat in brown and black color as the main animal.,"A cat in brown and black color with clear fur, pointed ears and a visible face, standing out from the background.","A cat in brown and black color, detailed animal object with fur, pointed ears and a visible face.",a cat in brown and black color.,"A cat in brown and black color that can be recognized as a animal with fur, pointed ears and a visible face.","A cat in brown and black color acting as the primary animal in the image, characterized by fur, pointed ears and a visible face.",brown and black cat,"fur, pointed ears and a visible face animal brown cat",A distinctive animal: brown cat.,"Unique animal instance, namely a cat in brown and black color.",A cat in brown and black color is visible in the scene.,"A cat in brown and black color with fur, pointed ears and a visible face is located prominently.",A cat in brown and black color serving as a animal region.,A cat in brown and black color appears as the key animal.,"brown and black cat, a animal with fur, pointed ears and a visible face.",The object is a cat in brown and black color.,brown cat,animal brown cat,"object=cat; type=animal; color=brown and black; detail=fur, pointed ears and a visible face",a cat in brown and black color.,"A cat in brown and black color with shape and structure described as: fur, pointed ears and a visible face.",A cat in brown and black color whose appearance is dominated by brown and black tones.,brown and black animal,Strictly select the brown cat mask and exclude every other object and background pixel.,Focus the segmentation on the brown cat region as the main animal.
8,cat2,brown and gray cat,"a cat in brown and gray color with fur, pointed ears and a visible face.",Segment only the brown cat in the scene.,Ignore all other objects and background; segment only the brown cat.,A cat in brown and gray color.,"A cat in brown and gray color showing fur, pointed ears and a visible face as a distinct brown and gray animal.","brown cat, animal",a cat in brown and gray color as the main animal.,"A cat in brown and gray color with clear fur, pointed ears and a visible face, standing out from the background.","A cat in brown and gray color, detailed animal object with fur, pointed ears and a visible face.",a cat in brown and gray color.,"A cat in brown and gray color that can be recognized as a animal with fur, pointed ears and a visible face.","A cat in brown and gray color acting as the primary animal in the image, characterized by fur, pointed ears and a visible face.",brown and gray cat,"fur, pointed ears and a visible face animal brown cat",A distinctive animal: brown cat.,"Unique animal instance, namely a cat in brown and gray color.",A cat in brown and gray color is visible in the scene.,"A cat in brown and gray color with fur, pointed ears and a visible face is located prominently.",A cat in brown and gray color serving as a animal region.,A cat in brown and gray color appears as the key animal.,"brown and gray cat, a animal with fur, pointed ears and a visible face.",The object is a cat in brown and gray color.,brown cat,animal brown cat,"object=cat; type=animal; color=brown and gray; detail=fur, pointed ears and a visible face",a cat in brown and gray color.,"A cat in brown and gray color with shape and structure described as: fur, pointed ears and a visible face.",A cat in brown and gray color whose appearance is dominated by brown and gray tones.,brown and gray animal,Strictly select the brown cat mask and exclude every other object and background pixel.,Focus the segmentation on the brown cat region as the main animal.
9,cat_statue,blue and red cat statue,a cat statue in blue and red color with solid sculpted body shaped like a seated cat.,Segment only the blue cat statue in the scene.,Ignore all other objects and background; segment only the blue cat statue.,A cat statue in blue and red color.,A cat statue in blue and red color showing solid sculpted body shaped like a seated cat as a distinct blue and red decorative object.,"blue cat statue, decorative object",a cat statue in blue and red color as the main decorative object.,"A cat statue in blue and red color with clear solid sculpted body shaped like a seated cat, standing out from the background.","A cat statue in blue and red color, detailed decorative object object with solid sculpted body shaped like a seated cat.",a cat statue in blue and red color.,A cat statue in blue and red color that can be recognized as a decorative object with solid sculpted body shaped like a seated cat.,"A cat statue in blue and red color acting as the primary decorative object in the image, characterized by solid sculpted body shaped like a seated cat.",blue and red cat statue,solid sculpted body shaped like a seated cat decorative object blue cat statue,A distinctive decorative object: blue cat statue.,"Unique decorative object instance, namely a cat statue in blue and red color.",A cat statue in blue and red color is visible in the scene.,A cat statue in blue and red color with solid sculpted body shaped like a seated cat is located prominently.,A cat statue in blue and red color serving as a decorative object region.,A cat statue in blue and red color appears as the key decorative object.,"blue and red cat statue, a decorative object with solid sculpted body shaped like a seated cat.",The object is a cat statue in blue and red color.,blue cat statue,decorative object blue cat statue,object=cat statue; type=decorative object; color=blue and red; detail=solid sculpted body shaped like a seated cat,a cat statue in blue and red color.,A cat statue in blue and red color with shape and structure described as: solid sculpted body shaped like a seated cat.,A cat statue in blue and red color whose appearance is dominated by blue and red tones.,blue and red decorative object,Strictly select the blue cat statue mask and exclude every other object and background pixel.,Focus the segmentation on the blue cat statue region as the main decorative object.
10,chair,blue chair,a chair in blue color with a seat with legs and a backrest.,Segment only the blue chair in the scene.,Ignore all other objects and background; segment only the blue chair.,A chair in blue color.,A chair in blue color showing a seat with legs and a backrest as a distinct blue furniture.,"blue chair, furniture",a chair in blue color as the main furniture.,"A chair in blue color with clear a seat with legs and a backrest, standing out from the background.","A chair in blue color, detailed furniture object with a seat with legs and a backrest.",a chair in blue color.,A chair in blue color that can be recognized as a furniture with a seat with legs and a backrest.,"A chair in blue color acting as the primary furniture in the image, characterized by a seat with legs and a backrest.",blue chair,a seat with legs and a backrest furniture blue chair,A distinctive furniture: blue chair.,"Unique furniture instance, namely a chair in blue color.",A chair in blue color is visible in the scene.,A chair in blue color with a seat with legs and a backrest is located prominently.,A chair in blue color serving as a furniture region.,A chair in blue color appears as the key furniture.,"blue chair, a furniture with a seat with legs and a backrest.",The object is a chair in blue color.,blue chair,furniture blue chair,object=chair; type=furniture; color=blue; detail=a seat with legs and a backrest,a chair in blue color.,A chair in blue color with shape and structure described as: a seat with legs and a backrest.,A chair in blue color whose appearance is dominated by blue tones.,blue furniture,Strictly select the blue chair mask and exclude every other object and background pixel.,Focus the segmentation on the blue chair region as the main furniture.
11,clock,gray and brown clock,a clock in gray and brown color with a circular face with numbers or marks.,Segment only the gray clock in the scene.,Ignore all other objects and background; segment only the gray clock.,A clock in gray and brown color.,A clock in gray and brown color showing a circular face with numbers or marks as a distinct gray and brown household object.,"gray clock, household object",a clock in gray and brown color as the main household object.,"A clock in gray and brown color with clear a circular face with numbers or marks, standing out from the background.","A clock in gray and brown color, detailed household object object with a circular face with numbers or marks.",a clock in gray and brown color.,A clock in gray and brown color that can be recognized as a household object with a circular face with numbers or marks.,"A clock in gray and brown color acting as the primary household object in the image, characterized by a circular face with numbers or marks.",gray and brown clock,a circular face with numbers or marks household object gray clock,A distinctive household object: gray clock.,"Unique household object instance, namely a clock in gray and brown color.",A clock in gray and brown color is visible in the scene.,A clock in gray and brown color with a circular face with numbers or marks is located prominently.,A clock in gray and brown color serving as a household object region.,A clock in gray and brown color appears as the key household object.,"gray and brown clock, a household object with a circular face with numbers or marks.",The object is a clock in gray and brown color.,gray clock,household object gray clock,object=clock; type=household object; color=gray and brown; detail=a circular face with numbers or marks,a clock in gray and brown color.,A clock in gray and brown color with shape and structure described as: a circular face with numbers or marks.,A clock in gray and brown color whose appearance is dominated by gray and brown tones.,gray and brown household object,Strictly select the gray clock mask and exclude every other object and background pixel.,Focus the segmentation on the gray clock region as the main household object.
12,colorful_sneaker,white and gray colorful sneaker shoe,"a colorful sneaker shoe in white and gray color with laces, sole and multiple bright color panels.",Segment only the white colorful sneaker in the scene.,Ignore all other objects and background; segment only the white colorful sneaker.,A colorful sneaker shoe in white and gray color.,"A colorful sneaker shoe in white and gray color showing laces, sole and multiple bright color panels as a distinct white and gray shoe.","white colorful sneaker, shoe",a colorful sneaker shoe in white and gray color as the main shoe.,"A colorful sneaker shoe in white and gray color with clear laces, sole and multiple bright color panels, standing out from the background.","A colorful sneaker shoe in white and gray color, detailed shoe object with laces, sole and multiple bright color panels.",a colorful sneaker shoe in white and gray color.,"A colorful sneaker shoe in white and gray color that can be recognized as a shoe with laces, sole and multiple bright color panels.","A colorful sneaker shoe in white and gray color acting as the primary shoe in the image, characterized by laces, sole and multiple bright color panels.",white and gray colorful sneaker shoe,"laces, sole and multiple bright color panels shoe white colorful sneaker",A distinctive shoe: white colorful sneaker.,"Unique shoe instance, namely a colorful sneaker shoe in white and gray color.",A colorful sneaker shoe in white and gray color is visible in the scene.,"A colorful sneaker shoe in white and gray color with laces, sole and multiple bright color panels is located prominently.",A colorful sneaker shoe in white and gray color serving as a shoe region.,A colorful sneaker shoe in white and gray color appears as the key shoe.,"white and gray colorful sneaker shoe, a shoe with laces, sole and multiple bright color panels.",The object is a colorful sneaker shoe in white and gray color.,white colorful sneaker,shoe white colorful sneaker,"object=colorful sneaker; type=shoe; color=white and gray; detail=laces, sole and multiple bright color panels",a colorful sneaker shoe in white and gray color.,"A colorful sneaker shoe in white and gray color with shape and structure described as: laces, sole and multiple bright color panels.",A colorful sneaker shoe in white and gray color whose appearance is dominated by white and gray tones.,white and gray shoe,Strictly select the white colorful sneaker mask and exclude every other object and background pixel.,Focus the segmentation on the white colorful sneaker region as the main shoe.
13,colorful_teapot,blue and orange colorful ceramic teapot,"a colorful ceramic teapot in blue and orange color with a round ceramic body with painted patterns, lid, spout and handle.",Segment only the blue colorful ceramic teapot in the scene.,Ignore all other objects and background; segment only the blue colorful ceramic teapot.,A colorful ceramic teapot in blue and orange color.,"A colorful ceramic teapot in blue and orange color showing a round ceramic body with painted patterns, lid, spout and handle as a distinct blue and orange kitchenware item.","blue colorful ceramic teapot, kitchenware item",a colorful ceramic teapot in blue and orange color as the main kitchenware item.,"A colorful ceramic teapot in blue and orange color with clear a round ceramic body with painted patterns, lid, spout and handle, standing out from the background.","A colorful ceramic teapot in blue and orange color, detailed kitchenware item object with a round ceramic body with painted patterns, lid, spout and handle.",a colorful ceramic teapot in blue and orange color.,"A colorful ceramic teapot in blue and orange color that can be recognized as a kitchenware item with a round ceramic body with painted patterns, lid, spout and handle.","A colorful ceramic teapot in blue and orange color acting as the primary kitchenware item in the image, characterized by a round ceramic body with painted patterns, lid, spout and handle.",blue and orange colorful ceramic teapot,"a round ceramic body with painted patterns, lid, spout and handle kitchenware item blue colorful ceramic teapot",A distinctive kitchenware item: blue colorful ceramic teapot.,"Unique kitchenware item instance, namely a colorful ceramic teapot in blue and orange color.",A colorful ceramic teapot in blue and orange color is visible in the scene.,"A colorful ceramic teapot in blue and orange color with a round ceramic body with painted patterns, lid, spout and handle is located prominently.",A colorful ceramic teapot in blue and orange color serving as a kitchenware item region.,A colorful ceramic teapot in blue and orange color appears as the key kitchenware item.,"blue and orange colorful ceramic teapot, a kitchenware item with a round ceramic body with painted patterns, lid, spout and handle.",The object is a colorful ceramic teapot in blue and orange color.,blue colorful ceramic teapot,kitchenware item blue colorful ceramic teapot,"object=colorful ceramic teapot; type=kitchenware item; color=blue and orange; detail=a round ceramic body with painted patterns, lid, spout and handle",a colorful ceramic teapot in blue and orange color.,"A colorful ceramic teapot in blue and orange color with shape and structure described as: a round ceramic body with painted patterns, lid, spout and handle.",A colorful ceramic teapot in blue and orange color whose appearance is dominated by blue and orange tones.,blue and orange kitchenware item,Strictly select the blue colorful ceramic teapot mask and exclude every other object and background pixel.,Focus the segmentation on the blue colorful ceramic teapot region as the main kitchenware item.
14,dog,brown and orange dog,"a dog in brown and orange color with fur, head, body and legs.",Segment only the brown dog in the scene.,Ignore all other objects and background; segment only the brown dog.,A dog in brown and orange color.,"A dog in brown and orange color showing fur, head, body and legs as a distinct brown and orange animal.","brown dog, animal",a dog in brown and orange color as the main animal.,"A dog in brown and orange color with clear fur, head, body and legs, standing out from the background.","A dog in brown and orange color, detailed animal object with fur, head, body and legs.",a dog in brown and orange color.,"A dog in brown and orange color that can be recognized as a animal with fur, head, body and legs.","A dog in brown and orange color acting as the primary animal in the image, characterized by fur, head, body and legs.",brown and orange dog,"fur, head, body and legs animal brown dog",A distinctive animal: brown dog.,"Unique animal instance, namely a dog in brown and orange color.",A dog in brown and orange color is visible in the scene.,"A dog in brown and orange color with fur, head, body and legs is located prominently.",A dog in brown and orange color serving as a animal region.,A dog in brown and orange color appears as the key animal.,"brown and orange dog, a animal with fur, head, body and legs.",The object is a dog in brown and orange color.,brown dog,animal brown dog,"object=dog; type=animal; color=brown and orange; detail=fur, head, body and legs",a dog in brown and orange color.,"A dog in brown and orange color with shape and structure described as: fur, head, body and legs.",A dog in brown and orange color whose appearance is dominated by brown and orange tones.,brown and orange animal,Strictly select the brown dog mask and exclude every other object and background pixel.,Focus the segmentation on the brown dog region as the main animal.
15,dog2,brown and orange dog,"a dog in brown and orange color with fur, head, body and legs.",Segment only the brown dog in the scene.,Ignore all other objects and background; segment only the brown dog.,A dog in brown and orange color.,"A dog in brown and orange color showing fur, head, body and legs as a distinct brown and orange animal.","brown dog, animal",a dog in brown and orange color as the main animal.,"A dog in brown and orange color with clear fur, head, body and legs, standing out from the background.","A dog in brown and orange color, detailed animal object with fur, head, body and legs.",a dog in brown and orange color.,"A dog in brown and orange color that can be recognized as a animal with fur, head, body and legs.","A dog in brown and orange color acting as the primary animal in the image, characterized by fur, head, body and legs.",brown and orange dog,"fur, head, body and legs animal brown dog",A distinctive animal: brown dog.,"Unique animal instance, namely a dog in brown and orange color.",A dog in brown and orange color is visible in the scene.,"A dog in brown and orange color with fur, head, body and legs is located prominently.",A dog in brown and orange color serving as a animal region.,A dog in brown and orange color appears as the key animal.,"brown and orange dog, a animal with fur, head, body and legs.",The object is a dog in brown and orange color.,brown dog,animal brown dog,"object=dog; type=animal; color=brown and orange; detail=fur, head, body and legs",a dog in brown and orange color.,"A dog in brown and orange color with shape and structure described as: fur, head, body and legs.",A dog in brown and orange color whose appearance is dominated by brown and orange tones.,brown and orange animal,Strictly select the brown dog mask and exclude every other object and background pixel.,Focus the segmentation on the brown dog region as the main animal.
16,dog3,gray and white dog,"a dog in gray and white color with fur, head, body and legs.",Segment only the gray dog in the scene.,Ignore all other objects and background; segment only the gray dog.,A dog in gray and white color.,"A dog in gray and white color showing fur, head, body and legs as a distinct gray and white animal.","gray dog, animal",a dog in gray and white color as the main animal.,"A dog in gray and white color with clear fur, head, body and legs, standing out from the background.","A dog in gray and white color, detailed animal object with fur, head, body and legs.",a dog in gray and white color.,"A dog in gray and white color that can be recognized as a animal with fur, head, body and legs.","A dog in gray and white color acting as the primary animal in the image, characterized by fur, head, body and legs.",gray and white dog,"fur, head, body and legs animal gray dog",A distinctive animal: gray dog.,"Unique animal instance, namely a dog in gray and white color.",A dog in gray and white color is visible in the scene.,"A dog in gray and white color with fur, head, body and legs is located prominently.",A dog in gray and white color serving as a animal region.,A dog in gray and white color appears as the key animal.,"gray and white dog, a animal with fur, head, body and legs.",The object is a dog in gray and white color.,gray dog,animal gray dog,"object=dog; type=animal; color=gray and white; detail=fur, head, body and legs",a dog in gray and white color.,"A dog in gray and white color with shape and structure described as: fur, head, body and legs.",A dog in gray and white color whose appearance is dominated by gray and white tones.,gray and white animal,Strictly select the gray dog mask and exclude every other object and background pixel.,Focus the segmentation on the gray dog region as the main animal.
17,dog4,orange and brown dog,"a dog in orange and brown color with fur, head, body and legs.",Segment only the orange dog in the scene.,Ignore all other objects and background; segment only the orange dog.,A dog in orange and brown color.,"A dog in orange and brown color showing fur, head, body and legs as a distinct orange and brown animal.","orange dog, animal",a dog in orange and brown color as the main animal.,"A dog in orange and brown color with clear fur, head, body and legs, standing out from the background.","A dog in orange and brown color, detailed animal object with fur, head, body and legs.",a dog in orange and brown color.,"A dog in orange and brown color that can be recognized as a animal with fur, head, body and legs.","A dog in orange and brown color acting as the primary animal in the image, characterized by fur, head, body and legs.",orange and brown dog,"fur, head, body and legs animal orange dog",A distinctive animal: orange dog.,"Unique animal instance, namely a dog in orange and brown color.",A dog in orange and brown color is visible in the scene.,"A dog in orange and brown color with fur, head, body and legs is located prominently.",A dog in orange and brown color serving as a animal region.,A dog in orange and brown color appears as the key animal.,"orange and brown dog, a animal with fur, head, body and legs.",The object is a dog in orange and brown color.,orange dog,animal orange dog,"object=dog; type=animal; color=orange and brown; detail=fur, head, body and legs",a dog in orange and brown color.,"A dog in orange and brown color with shape and structure described as: fur, head, body and legs.",A dog in orange and brown color whose appearance is dominated by orange and brown tones.,orange and brown animal,Strictly select the orange dog mask and exclude every other object and background pixel.,Focus the segmentation on the orange dog region as the main animal.
18,dog5,orange and brown dog,"a dog in orange and brown color with fur, head, body and legs.",Segment only the orange dog in the scene.,Ignore all other objects and background; segment only the orange dog.,A dog in orange and brown color.,"A dog in orange and brown color showing fur, head, body and legs as a distinct orange and brown animal.","orange dog, animal",a dog in orange and brown color as the main animal.,"A dog in orange and brown color with clear fur, head, body and legs, standing out from the background.","A dog in orange and brown color, detailed animal object with fur, head, body and legs.",a dog in orange and brown color.,"A dog in orange and brown color that can be recognized as a animal with fur, head, body and legs.","A dog in orange and brown color acting as the primary animal in the image, characterized by fur, head, body and legs.",orange and brown dog,"fur, head, body and legs animal orange dog",A distinctive animal: orange dog.,"Unique animal instance, namely a dog in orange and brown color.",A dog in orange and brown color is visible in the scene.,"A dog in orange and brown color with fur, head, body and legs is located prominently.",A dog in orange and brown color serving as a animal region.,A dog in orange and brown color appears as the key animal.,"orange and brown dog, a animal with fur, head, body and legs.",The object is a dog in orange and brown color.,orange dog,animal orange dog,"object=dog; type=animal; color=orange and brown; detail=fur, head, body and legs",a dog in orange and brown color.,"A dog in orange and brown color with shape and structure described as: fur, head, body and legs.",A dog in orange and brown color whose appearance is dominated by orange and brown tones.,orange and brown animal,Strictly select the orange dog mask and exclude every other object and background pixel.,Focus the segmentation on the orange dog region as the main animal.
19,dog6,brown and orange dog,"a dog in brown and orange color with fur, head, body and legs.",Segment only the brown dog in the scene.,Ignore all other objects and background; segment only the brown dog.,A dog in brown and orange color.,"A dog in brown and orange color showing fur, head, body and legs as a distinct brown and orange animal.","brown dog, animal",a dog in brown and orange color as the main animal.,"A dog in brown and orange color with clear fur, head, body and legs, standing out from the background.","A dog in brown and orange color, detailed animal object with fur, head, body and legs.",a dog in brown and orange color.,"A dog in brown and orange color that can be recognized as a animal with fur, head, body and legs.","A dog in brown and orange color acting as the primary animal in the image, characterized by fur, head, body and legs.",brown and orange dog,"fur, head, body and legs animal brown dog",A distinctive animal: brown dog.,"Unique animal instance, namely a dog in brown and orange color.",A dog in brown and orange color is visible in the scene.,"A dog in brown and orange color with fur, head, body and legs is located prominently.",A dog in brown and orange color serving as a animal region.,A dog in brown and orange color appears as the key animal.,"brown and orange dog, a animal with fur, head, body and legs.",The object is a dog in brown and orange color.,brown dog,animal brown dog,"object=dog; type=animal; color=brown and orange; detail=fur, head, body and legs",a dog in brown and orange color.,"A dog in brown and orange color with shape and structure described as: fur, head, body and legs.",A dog in brown and orange color whose appearance is dominated by brown and orange tones.,brown and orange animal,Strictly select the brown dog mask and exclude every other object and background pixel.,Focus the segmentation on the brown dog region as the main animal.
20,dog7,gray and white dog,"a dog in gray and white color with fur, head, body and legs.",Segment only the gray dog in the scene.,Ignore all other objects and background; segment only the gray dog.,A dog in gray and white color.,"A dog in gray and white color showing fur, head, body and legs as a distinct gray and white animal.","gray dog, animal",a dog in gray and white color as the main animal.,"A dog in gray and white color with clear fur, head, body and legs, standing out from the background.","A dog in gray and white color, detailed animal object with fur, head, body and legs.",a dog in gray and white color.,"A dog in gray and white color that can be recognized as a animal with fur, head, body and legs.","A dog in gray and white color acting as the primary animal in the image, characterized by fur, head, body and legs.",gray and white dog,"fur, head, body and legs animal gray dog",A distinctive animal: gray dog.,"Unique animal instance, namely a dog in gray and white color.",A dog in gray and white color is visible in the scene.,"A dog in gray and white color with fur, head, body and legs is located prominently.",A dog in gray and white color serving as a animal region.,A dog in gray and white color appears as the key animal.,"gray and white dog, a animal with fur, head, body and legs.",The object is a dog in gray and white color.,gray dog,animal gray dog,"object=dog; type=animal; color=gray and white; detail=fur, head, body and legs",a dog in gray and white color.,"A dog in gray and white color with shape and structure described as: fur, head, body and legs.",A dog in gray and white color whose appearance is dominated by gray and white tones.,gray and white animal,Strictly select the gray dog mask and exclude every other object and background pixel.,Focus the segmentation on the gray dog region as the main animal.
21,dog8,brown and black dog,"a dog in brown and black color with fur, head, body and legs.",Segment only the brown dog in the scene.,Ignore all other objects and background; segment only the brown dog.,A dog in brown and black color.,"A dog in brown and black color showing fur, head, body and legs as a distinct brown and black animal.","brown dog, animal",a dog in brown and black color as the main animal.,"A dog in brown and black color with clear fur, head, body and legs, standing out from the background.","A dog in brown and black color, detailed animal object with fur, head, body and legs.",a dog in brown and black color.,"A dog in brown and black color that can be recognized as a animal with fur, head, body and legs.","A dog in brown and black color acting as the primary animal in the image, characterized by fur, head, body and legs.",brown and black dog,"fur, head, body and legs animal brown dog",A distinctive animal: brown dog.,"Unique animal instance, namely a dog in brown and black color.",A dog in brown and black color is visible in the scene.,"A dog in brown and black color with fur, head, body and legs is located prominently.",A dog in brown and black color serving as a animal region.,A dog in brown and black color appears as the key animal.,"brown and black dog, a animal with fur, head, body and legs.",The object is a dog in brown and black color.,brown dog,animal brown dog,"object=dog; type=animal; color=brown and black; detail=fur, head, body and legs",a dog in brown and black color.,"A dog in brown and black color with shape and structure described as: fur, head, body and legs.",A dog in brown and black color whose appearance is dominated by brown and black tones.,brown and black animal,Strictly select the brown dog mask and exclude every other object and background pixel.,Focus the segmentation on the brown dog region as the main animal.
22,duck_toy,yellow and brown duck toy,a duck toy in yellow and brown color with a small stylized duck body with a beak.,Segment only the yellow duck toy in the scene.,Ignore all other objects and background; segment only the yellow duck toy.,A duck toy in yellow and brown color.,A duck toy in yellow and brown color showing a small stylized duck body with a beak as a distinct yellow and brown toy.,"yellow duck toy, toy",a duck toy in yellow and brown color as the main toy.,"A duck toy in yellow and brown color with clear a small stylized duck body with a beak, standing out from the background.","A duck toy in yellow and brown color, detailed toy object with a small stylized duck body with a beak.",a duck toy in yellow and brown color.,A duck toy in yellow and brown color that can be recognized as a toy with a small stylized duck body with a beak.,"A duck toy in yellow and brown color acting as the primary toy in the image, characterized by a small stylized duck body with a beak.",yellow and brown duck toy,a small stylized duck body with a beak toy yellow duck toy,A distinctive toy: yellow duck toy.,"Unique toy instance, namely a duck toy in yellow and brown color.",A duck toy in yellow and brown color is visible in the scene.,A duck toy in yellow and brown color with a small stylized duck body with a beak is located prominently.,A duck toy in yellow and brown color serving as a toy region.,A duck toy in yellow and brown color appears as the key toy.,"yellow and brown duck toy, a toy with a small stylized duck body with a beak.",The object is a duck toy in yellow and brown color.,yellow duck toy,toy yellow duck toy,object=duck toy; type=toy; color=yellow and brown; detail=a small stylized duck body with a beak,a duck toy in yellow and brown color.,A duck toy in yellow and brown color with shape and structure described as: a small stylized duck body with a beak.,A duck toy in yellow and brown color whose appearance is dominated by yellow and brown tones.,yellow and brown toy,Strictly select the yellow duck toy mask and exclude every other object and background pixel.,Focus the segmentation on the yellow duck toy region as the main toy.
23,elephant,brown and gray elephant figure,"an elephant figure in brown and gray color with a body with a trunk, large ears and four legs.",Segment only the brown elephant figure in the scene.,Ignore all other objects and background; segment only the brown elephant figure.,An elephant figure in brown and gray color.,"An elephant figure in brown and gray color showing a body with a trunk, large ears and four legs as a distinct brown and gray animal figure.","brown elephant figure, animal figure",an elephant figure in brown and gray color as the main animal figure.,"An elephant figure in brown and gray color with clear a body with a trunk, large ears and four legs, standing out from the background.","An elephant figure in brown and gray color, detailed animal figure object with a body with a trunk, large ears and four legs.",an elephant figure in brown and gray color.,"An elephant figure in brown and gray color that can be recognized as a animal figure with a body with a trunk, large ears and four legs.","An elephant figure in brown and gray color acting as the primary animal figure in the image, characterized by a body with a trunk, large ears and four legs.",brown and gray elephant figure,"a body with a trunk, large ears and four legs animal figure brown elephant figure",A distinctive animal figure: brown elephant figure.,"Unique animal figure instance, namely an elephant figure in brown and gray color.",An elephant figure in brown and gray color is visible in the scene.,"An elephant figure in brown and gray color with a body with a trunk, large ears and four legs is located prominently.",An elephant figure in brown and gray color serving as a animal figure region.,An elephant figure in brown and gray color appears as the key animal figure.,"brown and gray elephant figure, a animal figure with a body with a trunk, large ears and four legs.",The object is an elephant figure in brown and gray color.,brown elephant figure,animal figure brown elephant figure,"object=elephant figure; type=animal figure; color=brown and gray; detail=a body with a trunk, large ears and four legs",an elephant figure in brown and gray color.,"An elephant figure in brown and gray color with shape and structure described as: a body with a trunk, large ears and four legs.",An elephant figure in brown and gray color whose appearance is dominated by brown and gray tones.,brown and gray animal figure,Strictly select the brown elephant figure mask and exclude every other object and background pixel.,Focus the segmentation on the brown elephant figure region as the main animal figure.
24,fancy_boot,white and brown fancy boot,a fancy boot in white and brown color with a decorated boot with a visible upper and sole.,Segment only the white fancy boot in the scene.,Ignore all other objects and background; segment only the white fancy boot.,A fancy boot in white and brown color.,A fancy boot in white and brown color showing a decorated boot with a visible upper and sole as a distinct white and brown shoe.,"white fancy boot, shoe",a fancy boot in white and brown color as the main shoe.,"A fancy boot in white and brown color with clear a decorated boot with a visible upper and sole, standing out from the background.","A fancy boot in white and brown color, detailed shoe object with a decorated boot with a visible upper and sole.",a fancy boot in white and brown color.,A fancy boot in white and brown color that can be recognized as a shoe with a decorated boot with a visible upper and sole.,"A fancy boot in white and brown color acting as the primary shoe in the image, characterized by a decorated boot with a visible upper and sole.",white and brown fancy boot,a decorated boot with a visible upper and sole shoe white fancy boot,A distinctive shoe: white fancy boot.,"Unique shoe instance, namely a fancy boot in white and brown color.",A fancy boot in white and brown color is visible in the scene.,A fancy boot in white and brown color with a decorated boot with a visible upper and sole is located prominently.,A fancy boot in white and brown color serving as a shoe region.,A fancy boot in white and brown color appears as the key shoe.,"white and brown fancy boot, a shoe with a decorated boot with a visible upper and sole.",The object is a fancy boot in white and brown color.,white fancy boot,shoe white fancy boot,object=fancy boot; type=shoe; color=white and brown; detail=a decorated boot with a visible upper and sole,a fancy boot in white and brown color.,A fancy boot in white and brown color with shape and structure described as: a decorated boot with a visible upper and sole.,A fancy boot in white and brown color whose appearance is dominated by white and brown tones.,white and brown shoe,Strictly select the white fancy boot mask and exclude every other object and background pixel.,Focus the segmentation on the white fancy boot region as the main shoe.
25,grey_sloth_plushie,brown and red grey sloth plush toy,a grey sloth plush toy in brown and red color with soft fabric body with long limbs and a sloth face.,Segment only the brown grey sloth plush toy in the scene.,Ignore all other objects and background; segment only the brown grey sloth plush toy.,A grey sloth plush toy in brown and red color.,A grey sloth plush toy in brown and red color showing soft fabric body with long limbs and a sloth face as a distinct brown and red plush toy.,"brown grey sloth plush toy, plush toy",a grey sloth plush toy in brown and red color as the main plush toy.,"A grey sloth plush toy in brown and red color with clear soft fabric body with long limbs and a sloth face, standing out from the background.","A grey sloth plush toy in brown and red color, detailed plush toy object with soft fabric body with long limbs and a sloth face.",a grey sloth plush toy in brown and red color.,A grey sloth plush toy in brown and red color that can be recognized as a plush toy with soft fabric body with long limbs and a sloth face.,"A grey sloth plush toy in brown and red color acting as the primary plush toy in the image, characterized by soft fabric body with long limbs and a sloth face.",brown and red grey sloth plush toy,soft fabric body with long limbs and a sloth face plush toy brown grey sloth plush toy,A distinctive plush toy: brown grey sloth plush toy.,"Unique plush toy instance, namely a grey sloth plush toy in brown and red color.",A grey sloth plush toy in brown and red color is visible in the scene.,A grey sloth plush toy in brown and red color with soft fabric body with long limbs and a sloth face is located prominently.,A grey sloth plush toy in brown and red color serving as a plush toy region.,A grey sloth plush toy in brown and red color appears as the key plush toy.,"brown and red grey sloth plush toy, a plush toy with soft fabric body with long limbs and a sloth face.",The object is a grey sloth plush toy in brown and red color.,brown grey sloth plush toy,plush toy brown grey sloth plush toy,object=grey sloth plush toy; type=plush toy; color=brown and red; detail=soft fabric body with long limbs and a sloth face,a grey sloth plush toy in brown and red color.,A grey sloth plush toy in brown and red color with shape and structure described as: soft fabric body with long limbs and a sloth face.,A grey sloth plush toy in brown and red color whose appearance is dominated by brown and red tones.,brown and red plush toy,Strictly select the brown grey sloth plush toy mask and exclude every other object and background pixel.,Focus the segmentation on the brown grey sloth plush toy region as the main plush toy.
26,monster_toy,red monster toy,a monster toy in red color with a stylized creature body with exaggerated features.,Segment only the red monster toy in the scene.,Ignore all other objects and background; segment only the red monster toy.,A monster toy in red color.,A monster toy in red color showing a stylized creature body with exaggerated features as a distinct red toy figure.,"red monster toy, toy figure",a monster toy in red color as the main toy figure.,"A monster toy in red color with clear a stylized creature body with exaggerated features, standing out from the background.","A monster toy in red color, detailed toy figure object with a stylized creature body with exaggerated features.",a monster toy in red color.,A monster toy in red color that can be recognized as a toy figure with a stylized creature body with exaggerated features.,"A monster toy in red color acting as the primary toy figure in the image, characterized by a stylized creature body with exaggerated features.",red monster toy,a stylized creature body with exaggerated features toy figure red monster toy,A distinctive toy figure: red monster toy.,"Unique toy figure instance, namely a monster toy in red color.",A monster toy in red color is visible in the scene.,A monster toy in red color with a stylized creature body with exaggerated features is located prominently.,A monster toy in red color serving as a toy figure region.,A monster toy in red color appears as the key toy figure.,"red monster toy, a toy figure with a stylized creature body with exaggerated features.",The object is a monster toy in red color.,red monster toy,toy figure red monster toy,object=monster toy; type=toy figure; color=red; detail=a stylized creature body with exaggerated features,a monster toy in red color.,A monster toy in red color with shape and structure described as: a stylized creature body with exaggerated features.,A monster toy in red color whose appearance is dominated by red tones.,red toy figure,Strictly select the red monster toy mask and exclude every other object and background pixel.,Focus the segmentation on the red monster toy region as the main toy figure.
27,poop_emoji,red and brown poop emoji toy,a poop emoji toy in red and brown color with a stylized swirl shape representing the poop emoji face.,Segment only the red poop emoji toy in the scene.,Ignore all other objects and background; segment only the red poop emoji toy.,A poop emoji toy in red and brown color.,A poop emoji toy in red and brown color showing a stylized swirl shape representing the poop emoji face as a distinct red and brown toy.,"red poop emoji toy, toy",a poop emoji toy in red and brown color as the main toy.,"A poop emoji toy in red and brown color with clear a stylized swirl shape representing the poop emoji face, standing out from the background.","A poop emoji toy in red and brown color, detailed toy object with a stylized swirl shape representing the poop emoji face.",a poop emoji toy in red and brown color.,A poop emoji toy in red and brown color that can be recognized as a toy with a stylized swirl shape representing the poop emoji face.,"A poop emoji toy in red and brown color acting as the primary toy in the image, characterized by a stylized swirl shape representing the poop emoji face.",red and brown poop emoji toy,a stylized swirl shape representing the poop emoji face toy red poop emoji toy,A distinctive toy: red poop emoji toy.,"Unique toy instance, namely a poop emoji toy in red and brown color.",A poop emoji toy in red and brown color is visible in the scene.,A poop emoji toy in red and brown color with a stylized swirl shape representing the poop emoji face is located prominently.,A poop emoji toy in red and brown color serving as a toy region.,A poop emoji toy in red and brown color appears as the key toy.,"red and brown poop emoji toy, a toy with a stylized swirl shape representing the poop emoji face.",The object is a poop emoji toy in red and brown color.,red poop emoji toy,toy red poop emoji toy,object=poop emoji toy; type=toy; color=red and brown; detail=a stylized swirl shape representing the poop emoji face,a poop emoji toy in red and brown color.,A poop emoji toy in red and brown color with shape and structure described as: a stylized swirl shape representing the poop emoji face.,A poop emoji toy in red and brown color whose appearance is dominated by red and brown tones.,red and brown toy,Strictly select the red poop emoji toy mask and exclude every other object and background pixel.,Focus the segmentation on the red poop emoji toy region as the main toy.
28,rc_car,red and orange remote control car,a remote control car in red and orange color with a small car body with wheels and visible details.,Segment only the red remote control car in the scene.,Ignore all other objects and background; segment only the red remote control car.,A remote control car in red and orange color.,A remote control car in red and orange color showing a small car body with wheels and visible details as a distinct red and orange toy vehicle.,"red remote control car, toy vehicle",a remote control car in red and orange color as the main toy vehicle.,"A remote control car in red and orange color with clear a small car body with wheels and visible details, standing out from the background.","A remote control car in red and orange color, detailed toy vehicle object with a small car body with wheels and visible details.",a remote control car in red and orange color.,A remote control car in red and orange color that can be recognized as a toy vehicle with a small car body with wheels and visible details.,"A remote control car in red and orange color acting as the primary toy vehicle in the image, characterized by a small car body with wheels and visible details.",red and orange remote control car,a small car body with wheels and visible details toy vehicle red remote control car,A distinctive toy vehicle: red remote control car.,"Unique toy vehicle instance, namely a remote control car in red and orange color.",A remote control car in red and orange color is visible in the scene.,A remote control car in red and orange color with a small car body with wheels and visible details is located prominently.,A remote control car in red and orange color serving as a toy vehicle region.,A remote control car in red and orange color appears as the key toy vehicle.,"red and orange remote control car, a toy vehicle with a small car body with wheels and visible details.",The object is a remote control car in red and orange color.,red remote control car,toy vehicle red remote control car,object=remote control car; type=toy vehicle; color=red and orange; detail=a small car body with wheels and visible details,a remote control car in red and orange color.,A remote control car in red and orange color with shape and structure described as: a small car body with wheels and visible details.,A remote control car in red and orange color whose appearance is dominated by red and orange tones.,red and orange toy vehicle,Strictly select the red remote control car mask and exclude every other object and background pixel.,Focus the segmentation on the red remote control car region as the main toy vehicle.
29,red_cartoon,red red cartoon toy,a red cartoon toy in red color with a stylized character body.,Segment only the red red cartoon toy in the scene.,Ignore all other objects and background; segment only the red red cartoon toy.,A red cartoon toy in red color.,A red cartoon toy in red color showing a stylized character body as a distinct red toy figure.,"red red cartoon toy, toy figure",a red cartoon toy in red color as the main toy figure.,"A red cartoon toy in red color with clear a stylized character body, standing out from the background.","A red cartoon toy in red color, detailed toy figure object with a stylized character body.",a red cartoon toy in red color.,A red cartoon toy in red color that can be recognized as a toy figure with a stylized character body.,"A red cartoon toy in red color acting as the primary toy figure in the image, characterized by a stylized character body.",red red cartoon toy,a stylized character body toy figure red red cartoon toy,A distinctive toy figure: red red cartoon toy.,"Unique toy figure instance, namely a red cartoon toy in red color.",A red cartoon toy in red color is visible in the scene.,A red cartoon toy in red color with a stylized character body is located prominently.,A red cartoon toy in red color serving as a toy figure region.,A red cartoon toy in red color appears as the key toy figure.,"red red cartoon toy, a toy figure with a stylized character body.",The object is a red cartoon toy in red color.,red red cartoon toy,toy figure red red cartoon toy,object=red cartoon toy; type=toy figure; color=red; detail=a stylized character body,a red cartoon toy in red color.,A red cartoon toy in red color with shape and structure described as: a stylized character body.,A red cartoon toy in red color whose appearance is dominated by red tones.,red toy figure,Strictly select the red red cartoon toy mask and exclude every other object and background pixel.,Focus the segmentation on the red red cartoon toy region as the main toy figure.
30,robot_toy,blue and black robot toy,a robot toy in blue and black color with a mechanical-looking body with limbs and head.,Segment only the blue robot toy in the scene.,Ignore all other objects and background; segment only the blue robot toy.,A robot toy in blue and black color.,A robot toy in blue and black color showing a mechanical-looking body with limbs and head as a distinct blue and black toy figure.,"blue robot toy, toy figure",a robot toy in blue and black color as the main toy figure.,"A robot toy in blue and black color with clear a mechanical-looking body with limbs and head, standing out from the background.","A robot toy in blue and black color, detailed toy figure object with a mechanical-looking body with limbs and head.",a robot toy in blue and black color.,A robot toy in blue and black color that can be recognized as a toy figure with a mechanical-looking body with limbs and head.,"A robot toy in blue and black color acting as the primary toy figure in the image, characterized by a mechanical-looking body with limbs and head.",blue and black robot toy,a mechanical-looking body with limbs and head toy figure blue robot toy,A distinctive toy figure: blue robot toy.,"Unique toy figure instance, namely a robot toy in blue and black color.",A robot toy in blue and black color is visible in the scene.,A robot toy in blue and black color with a mechanical-looking body with limbs and head is located prominently.,A robot toy in blue and black color serving as a toy figure region.,A robot toy in blue and black color appears as the key toy figure.,"blue and black robot toy, a toy figure with a mechanical-looking body with limbs and head.",The object is a robot toy in blue and black color.,blue robot toy,toy figure blue robot toy,object=robot toy; type=toy figure; color=blue and black; detail=a mechanical-looking body with limbs and head,a robot toy in blue and black color.,A robot toy in blue and black color with shape and structure described as: a mechanical-looking body with limbs and head.,A robot toy in blue and black color whose appearance is dominated by blue and black tones.,blue and black toy figure,Strictly select the blue robot toy mask and exclude every other object and background pixel.,Focus the segmentation on the blue robot toy region as the main toy figure.
31,round_bird,brown and orange round bird figure,a round bird figure in brown and orange color with a spherical body with a beak and small wings.,Segment only the brown round bird figure in the scene.,Ignore all other objects and background; segment only the brown round bird figure.,A round bird figure in brown and orange color.,A round bird figure in brown and orange color showing a spherical body with a beak and small wings as a distinct brown and orange bird figure.,"brown round bird figure, bird figure",a round bird figure in brown and orange color as the main bird figure.,"A round bird figure in brown and orange color with clear a spherical body with a beak and small wings, standing out from the background.","A round bird figure in brown and orange color, detailed bird figure object with a spherical body with a beak and small wings.",a round bird figure in brown and orange color.,A round bird figure in brown and orange color that can be recognized as a bird figure with a spherical body with a beak and small wings.,"A round bird figure in brown and orange color acting as the primary bird figure in the image, characterized by a spherical body with a beak and small wings.",brown and orange round bird figure,a spherical body with a beak and small wings bird figure brown round bird figure,A distinctive bird figure: brown round bird figure.,"Unique bird figure instance, namely a round bird figure in brown and orange color.",A round bird figure in brown and orange color is visible in the scene.,A round bird figure in brown and orange color with a spherical body with a beak and small wings is located prominently.,A round bird figure in brown and orange color serving as a bird figure region.,A round bird figure in brown and orange color appears as the key bird figure.,"brown and orange round bird figure, a bird figure with a spherical body with a beak and small wings.",The object is a round bird figure in brown and orange color.,brown round bird figure,bird figure brown round bird figure,object=round bird figure; type=bird figure; color=brown and orange; detail=a spherical body with a beak and small wings,a round bird figure in brown and orange color.,A round bird figure in brown and orange color with shape and structure described as: a spherical body with a beak and small wings.,A round bird figure in brown and orange color whose appearance is dominated by brown and orange tones.,brown and orange bird figure,Strictly select the brown round bird figure mask and exclude every other object and background pixel.,Focus the segmentation on the brown round bird figure region as the main bird figure.
32,shiny_sneaker,white and gray shiny sneaker shoe,a shiny sneaker shoe in white and gray color with a smooth upper with laces and sole.,Segment only the white shiny sneaker in the scene.,Ignore all other objects and background; segment only the white shiny sneaker.,A shiny sneaker shoe in white and gray color.,A shiny sneaker shoe in white and gray color showing a smooth upper with laces and sole as a distinct white and gray shoe.,"white shiny sneaker, shoe",a shiny sneaker shoe in white and gray color as the main shoe.,"A shiny sneaker shoe in white and gray color with clear a smooth upper with laces and sole, standing out from the background.","A shiny sneaker shoe in white and gray color, detailed shoe object with a smooth upper with laces and sole.",a shiny sneaker shoe in white and gray color.,A shiny sneaker shoe in white and gray color that can be recognized as a shoe with a smooth upper with laces and sole.,"A shiny sneaker shoe in white and gray color acting as the primary shoe in the image, characterized by a smooth upper with laces and sole.",white and gray shiny sneaker shoe,a smooth upper with laces and sole shoe white shiny sneaker,A distinctive shoe: white shiny sneaker.,"Unique shoe instance, namely a shiny sneaker shoe in white and gray color.",A shiny sneaker shoe in white and gray color is visible in the scene.,A shiny sneaker shoe in white and gray color with a smooth upper with laces and sole is located prominently.,A shiny sneaker shoe in white and gray color serving as a shoe region.,A shiny sneaker shoe in white and gray color appears as the key shoe.,"white and gray shiny sneaker shoe, a shoe with a smooth upper with laces and sole.",The object is a shiny sneaker shoe in white and gray color.,white shiny sneaker,shoe white shiny sneaker,object=shiny sneaker; type=shoe; color=white and gray; detail=a smooth upper with laces and sole,a shiny sneaker shoe in white and gray color.,A shiny sneaker shoe in white and gray color with shape and structure described as: a smooth upper with laces and sole.,A shiny sneaker shoe in white and gray color whose appearance is dominated by white and gray tones.,white and gray shoe,Strictly select the white shiny sneaker mask and exclude every other object and background pixel.,Focus the segmentation on the white shiny sneaker region as the main shoe.
33,table,brown and gray table,a table in brown and gray color with a flat tabletop supported by legs.,Segment only the brown table in the scene.,Ignore all other objects and background; segment only the brown table.,A table in brown and gray color.,A table in brown and gray color showing a flat tabletop supported by legs as a distinct brown and gray furniture.,"brown table, furniture",a table in brown and gray color as the main furniture.,"A table in brown and gray color with clear a flat tabletop supported by legs, standing out from the background.","A table in brown and gray color, detailed furniture object with a flat tabletop supported by legs.",a table in brown and gray color.,A table in brown and gray color that can be recognized as a furniture with a flat tabletop supported by legs.,"A table in brown and gray color acting as the primary furniture in the image, characterized by a flat tabletop supported by legs.",brown and gray table,a flat tabletop supported by legs furniture brown table,A distinctive furniture: brown table.,"Unique furniture instance, namely a table in brown and gray color.",A table in brown and gray color is visible in the scene.,A table in brown and gray color with a flat tabletop supported by legs is located prominently.,A table in brown and gray color serving as a furniture region.,A table in brown and gray color appears as the key furniture.,"brown and gray table, a furniture with a flat tabletop supported by legs.",The object is a table in brown and gray color.,brown table,furniture brown table,object=table; type=furniture; color=brown and gray; detail=a flat tabletop supported by legs,a table in brown and gray color.,A table in brown and gray color with shape and structure described as: a flat tabletop supported by legs.,A table in brown and gray color whose appearance is dominated by brown and gray tones.,brown and gray furniture,Strictly select the brown table mask and exclude every other object and background pixel.,Focus the segmentation on the brown table region as the main furniture.
34,teapot,red and black ceramic teapot,"a ceramic teapot in red and black color with a round body with a lid, spout and handle.",Segment only the red ceramic teapot in the scene.,Ignore all other objects and background; segment only the red ceramic teapot.,A ceramic teapot in red and black color.,"A ceramic teapot in red and black color showing a round body with a lid, spout and handle as a distinct red and black kitchenware item.","red ceramic teapot, kitchenware item",a ceramic teapot in red and black color as the main kitchenware item.,"A ceramic teapot in red and black color with clear a round body with a lid, spout and handle, standing out from the background.","A ceramic teapot in red and black color, detailed kitchenware item object with a round body with a lid, spout and handle.",a ceramic teapot in red and black color.,"A ceramic teapot in red and black color that can be recognized as a kitchenware item with a round body with a lid, spout and handle.","A ceramic teapot in red and black color acting as the primary kitchenware item in the image, characterized by a round body with a lid, spout and handle.",red and black ceramic teapot,"a round body with a lid, spout and handle kitchenware item red ceramic teapot",A distinctive kitchenware item: red ceramic teapot.,"Unique kitchenware item instance, namely a ceramic teapot in red and black color.",A ceramic teapot in red and black color is visible in the scene.,"A ceramic teapot in red and black color with a round body with a lid, spout and handle is located prominently.",A ceramic teapot in red and black color serving as a kitchenware item region.,A ceramic teapot in red and black color appears as the key kitchenware item.,"red and black ceramic teapot, a kitchenware item with a round body with a lid, spout and handle.",The object is a ceramic teapot in red and black color.,red ceramic teapot,kitchenware item red ceramic teapot,"object=ceramic teapot; type=kitchenware item; color=red and black; detail=a round body with a lid, spout and handle",a ceramic teapot in red and black color.,"A ceramic teapot in red and black color with shape and structure described as: a round body with a lid, spout and handle.",A ceramic teapot in red and black color whose appearance is dominated by red and black tones.,red and black kitchenware item,Strictly select the red ceramic teapot mask and exclude every other object and background pixel.,Focus the segmentation on the red ceramic teapot region as the main kitchenware item.
35,teddybear,orange and yellow teddy bear plush toy,"a teddy bear plush toy in orange and yellow color with soft fabric bear body with arms, legs and ears.",Segment only the orange teddy bear plush toy in the scene.,Ignore all other objects and background; segment only the orange teddy bear plush toy.,A teddy bear plush toy in orange and yellow color.,"A teddy bear plush toy in orange and yellow color showing soft fabric bear body with arms, legs and ears as a distinct orange and yellow plush toy.","orange teddy bear plush toy, plush toy",a teddy bear plush toy in orange and yellow color as the main plush toy.,"A teddy bear plush toy in orange and yellow color with clear soft fabric bear body with arms, legs and ears, standing out from the background.","A teddy bear plush toy in orange and yellow color, detailed plush toy object with soft fabric bear body with arms, legs and ears.",a teddy bear plush toy in orange and yellow color.,"A teddy bear plush toy in orange and yellow color that can be recognized as a plush toy with soft fabric bear body with arms, legs and ears.","A teddy bear plush toy in orange and yellow color acting as the primary plush toy in the image, characterized by soft fabric bear body with arms, legs and ears.",orange and yellow teddy bear plush toy,"soft fabric bear body with arms, legs and ears plush toy orange teddy bear plush toy",A distinctive plush toy: orange teddy bear plush toy.,"Unique plush toy instance, namely a teddy bear plush toy in orange and yellow color.",A teddy bear plush toy in orange and yellow color is visible in the scene.,"A teddy bear plush toy in orange and yellow color with soft fabric bear body with arms, legs and ears is located prominently.",A teddy bear plush toy in orange and yellow color serving as a plush toy region.,A teddy bear plush toy in orange and yellow color appears as the key plush toy.,"orange and yellow teddy bear plush toy, a plush toy with soft fabric bear body with arms, legs and ears.",The object is a teddy bear plush toy in orange and yellow color.,orange teddy bear plush toy,plush toy orange teddy bear plush toy,"object=teddy bear plush toy; type=plush toy; color=orange and yellow; detail=soft fabric bear body with arms, legs and ears",a teddy bear plush toy in orange and yellow color.,"A teddy bear plush toy in orange and yellow color with shape and structure described as: soft fabric bear body with arms, legs and ears.",A teddy bear plush toy in orange and yellow color whose appearance is dominated by orange and yellow tones.,orange and yellow plush toy,Strictly select the orange teddy bear plush toy mask and exclude every other object and background pixel.,Focus the segmentation on the orange teddy bear plush toy region as the main plush toy.
36,thin_bird,brown and orange thin bird figure,a thin bird figure in brown and orange color with a slender bird-shaped body with a beak.,Segment only the brown thin bird figure in the scene.,Ignore all other objects and background; segment only the brown thin bird figure.,A thin bird figure in brown and orange color.,A thin bird figure in brown and orange color showing a slender bird-shaped body with a beak as a distinct brown and orange bird figure.,"brown thin bird figure, bird figure",a thin bird figure in brown and orange color as the main bird figure.,"A thin bird figure in brown and orange color with clear a slender bird-shaped body with a beak, standing out from the background.","A thin bird figure in brown and orange color, detailed bird figure object with a slender bird-shaped body with a beak.",a thin bird figure in brown and orange color.,A thin bird figure in brown and orange color that can be recognized as a bird figure with a slender bird-shaped body with a beak.,"A thin bird figure in brown and orange color acting as the primary bird figure in the image, characterized by a slender bird-shaped body with a beak.",brown and orange thin bird figure,a slender bird-shaped body with a beak bird figure brown thin bird figure,A distinctive bird figure: brown thin bird figure.,"Unique bird figure instance, namely a thin bird figure in brown and orange color.",A thin bird figure in brown and orange color is visible in the scene.,A thin bird figure in brown and orange color with a slender bird-shaped body with a beak is located prominently.,A thin bird figure in brown and orange color serving as a bird figure region.,A thin bird figure in brown and orange color appears as the key bird figure.,"brown and orange thin bird figure, a bird figure with a slender bird-shaped body with a beak.",The object is a thin bird figure in brown and orange color.,brown thin bird figure,bird figure brown thin bird figure,object=thin bird figure; type=bird figure; color=brown and orange; detail=a slender bird-shaped body with a beak,a thin bird figure in brown and orange color.,A thin bird figure in brown and orange color with shape and structure described as: a slender bird-shaped body with a beak.,A thin bird figure in brown and orange color whose appearance is dominated by brown and orange tones.,brown and orange bird figure,Strictly select the brown thin bird figure mask and exclude every other object and background pixel.,Focus the segmentation on the brown thin bird figure region as the main bird figure.
37,tortoise_plushy,green tortoise plush toy,a tortoise plush toy in green color with a soft body with a shell-like back and short limbs.,Segment only the green tortoise plush toy in the scene.,Ignore all other objects and background; segment only the green tortoise plush toy.,A tortoise plush toy in green color.,A tortoise plush toy in green color showing a soft body with a shell-like back and short limbs as a distinct green plush toy.,"green tortoise plush toy, plush toy",a tortoise plush toy in green color as the main plush toy.,"A tortoise plush toy in green color with clear a soft body with a shell-like back and short limbs, standing out from the background.","A tortoise plush toy in green color, detailed plush toy object with a soft body with a shell-like back and short limbs.",a tortoise plush toy in green color.,A tortoise plush toy in green color that can be recognized as a plush toy with a soft body with a shell-like back and short limbs.,"A tortoise plush toy in green color acting as the primary plush toy in the image, characterized by a soft body with a shell-like back and short limbs.",green tortoise plush toy,a soft body with a shell-like back and short limbs plush toy green tortoise plush toy,A distinctive plush toy: green tortoise plush toy.,"Unique plush toy instance, namely a tortoise plush toy in green color.",A tortoise plush toy in green color is visible in the scene.,A tortoise plush toy in green color with a soft body with a shell-like back and short limbs is located prominently.,A tortoise plush toy in green color serving as a plush toy region.,A tortoise plush toy in green color appears as the key plush toy.,"green tortoise plush toy, a plush toy with a soft body with a shell-like back and short limbs.",The object is a tortoise plush toy in green color.,green tortoise plush toy,plush toy green tortoise plush toy,object=tortoise plush toy; type=plush toy; color=green; detail=a soft body with a shell-like back and short limbs,a tortoise plush toy in green color.,A tortoise plush toy in green color with shape and structure described as: a soft body with a shell-like back and short limbs.,A tortoise plush toy in green color whose appearance is dominated by green tones.,green plush toy,Strictly select the green tortoise plush toy mask and exclude every other object and background pixel.,Focus the segmentation on the green tortoise plush toy region as the main plush toy.
38,wolf_plushie,gray and white wolf plush toy,a wolf plush toy in gray and white color with soft fabric wolf body with ears and muzzle.,Segment only the gray wolf plush toy in the scene.,Ignore all other objects and background; segment only the gray wolf plush toy.,A wolf plush toy in gray and white color.,A wolf plush toy in gray and white color showing soft fabric wolf body with ears and muzzle as a distinct gray and white plush toy.,"gray wolf plush toy, plush toy",a wolf plush toy in gray and white color as the main plush toy.,"A wolf plush toy in gray and white color with clear soft fabric wolf body with ears and muzzle, standing out from the background.","A wolf plush toy in gray and white color, detailed plush toy object with soft fabric wolf body with ears and muzzle.",a wolf plush toy in gray and white color.,A wolf plush toy in gray and white color that can be recognized as a plush toy with soft fabric wolf body with ears and muzzle.,"A wolf plush toy in gray and white color acting as the primary plush toy in the image, characterized by soft fabric wolf body with ears and muzzle.",gray and white wolf plush toy,soft fabric wolf body with ears and muzzle plush toy gray wolf plush toy,A distinctive plush toy: gray wolf plush toy.,"Unique plush toy instance, namely a wolf plush toy in gray and white color.",A wolf plush toy in gray and white color is visible in the scene.,A wolf plush toy in gray and white color with soft fabric wolf body with ears and muzzle is located prominently.,A wolf plush toy in gray and white color serving as a plush toy region.,A wolf plush toy in gray and white color appears as the key plush toy.,"gray and white wolf plush toy, a plush toy with soft fabric wolf body with ears and muzzle.",The object is a wolf plush toy in gray and white color.,gray wolf plush toy,plush toy gray wolf plush toy,object=wolf plush toy; type=plush toy; color=gray and white; detail=soft fabric wolf body with ears and muzzle,a wolf plush toy in gray and white color.,A wolf plush toy in gray and white color with shape and structure described as: soft fabric wolf body with ears and muzzle.,A wolf plush toy in gray and white color whose appearance is dominated by gray and white tones.,gray and white plush toy,Strictly select the gray wolf plush toy mask and exclude every other object and background pixel.,Focus the segmentation on the gray wolf plush toy region as the main plush toy.
39,wooden_pot,brown and orange wooden pot,a wooden pot in brown and orange color with a round wooden body with an open top.,Segment only the brown wooden pot in the scene.,Ignore all other objects and background; segment only the brown wooden pot.,A wooden pot in brown and orange color.,A wooden pot in brown and orange color showing a round wooden body with an open top as a distinct brown and orange container.,"brown wooden pot, container",a wooden pot in brown and orange color as the main container.,"A wooden pot in brown and orange color with clear a round wooden body with an open top, standing out from the background.","A wooden pot in brown and orange color, detailed container object with a round wooden body with an open top.",a wooden pot in brown and orange color.,A wooden pot in brown and orange color that can be recognized as a container with a round wooden body with an open top.,"A wooden pot in brown and orange color acting as the primary container in the image, characterized by a round wooden body with an open top.",brown and orange wooden pot,a round wooden body with an open top container brown wooden pot,A distinctive container: brown wooden pot.,"Unique container instance, namely a wooden pot in brown and orange color.",A wooden pot in brown and orange color is visible in the scene.,A wooden pot in brown and orange color with a round wooden body with an open top is located prominently.,A wooden pot in brown and orange color serving as a container region.,A wooden pot in brown and orange color appears as the key container.,"brown and orange wooden pot, a container with a round wooden body with an open top.",The object is a wooden pot in brown and orange color.,brown wooden pot,container brown wooden pot,object=wooden pot; type=container; color=brown and orange; detail=a round wooden body with an open top,a wooden pot in brown and orange color.,A wooden pot in brown and orange color with shape and structure described as: a round wooden body with an open top.,A wooden pot in brown and orange color whose appearance is dominated by brown and orange tones.,brown and orange container,Strictly select the brown wooden pot mask and exclude every other object and background pixel.,Focus the segmentation on the brown wooden pot region as the main container.
